{
    "lambda": 0.0001000001000000001,
    "init": "[[-1.79 -0.56  0.    0.  ]\n [-0.35 -3.05  0.    0.  ]\n [ 0.46  0.57 -3.16  0.  ]\n [ 0.    0.    0.    0.  ]]",
    "maxit": 5000,
    "reltol": 1e-07,
    "score": 0.9964355694115128,
    "message": "CONVERGENCE: REL_REDUCTION_OF_F_<=_FACTR*EPSMCH",
    "status": 0,
    "nit": 52
}