{
    "lambda": 0.00038684719535783365,
    "init": "[[-3.49 -0.29  0.  ]\n [-0.29 -3.08  0.  ]\n [ 0.    0.    0.  ]]",
    "maxit": 5000,
    "reltol": 1e-07,
    "score": 0.48034158460988663,
    "message": "CONVERGENCE: REL_REDUCTION_OF_F_<=_FACTR*EPSMCH",
    "status": 0,
    "nit": 22
}