{
    "lambda": 0.00038684719535783365,
    "init": "[[-0.16  0.97 -0.   -1.95 -0.07  0.  ]\n [ 0.   -3.03  0.07 -1.36 -1.    0.  ]\n [-0.5   0.   -0.88 -1.32 -1.33  0.  ]\n [-1.02 -1.41 -0.34 -1.34 -0.    0.  ]\n [-1.16 -0.   -0.19  2.21 -2.32  0.  ]\n [ 0.    0.    0.    0.    0.    0.  ]]",
    "maxit": 5000,
    "reltol": 1e-07,
    "score": 2.2317078015687306,
    "message": "CONVERGENCE: REL_REDUCTION_OF_F_<=_FACTR*EPSMCH",
    "status": 0,
    "nit": 119
}