{
    "lambda": 0.0001000001000000001,
    "init": "[[ 0.42 -0.03  0.    0.  ]\n [-0.    0.17  0.    0.  ]\n [ 0.41  0.32  0.05  0.  ]\n [ 0.    0.    0.    0.  ]]",
    "maxit": 5000,
    "reltol": 1e-07,
    "score": 2.34279104157302,
    "message": "CONVERGENCE: REL_REDUCTION_OF_F_<=_FACTR*EPSMCH",
    "status": 0,
    "nit": 132
}