{
    "lambda": 0.0001000001000000001,
    "init": "[[-1.52 -0.62  0.07  0.  ]\n [-0.26 -3.03  0.    0.  ]\n [ 0.23  0.84 -3.03  0.  ]\n [ 0.    0.    0.    0.  ]]",
    "maxit": 5000,
    "reltol": 1e-07,
    "score": 1.0618737495207666,
    "message": "CONVERGENCE: REL_REDUCTION_OF_F_<=_FACTR*EPSMCH",
    "status": 0,
    "nit": 59
}