{
    "lambda": 0.010000000100000003,
    "init": "[[-1.8  -0.    0.    0.  ]\n [-0.   -3.05  0.    0.  ]\n [ 0.    0.   -3.06  0.  ]\n [ 0.    0.    0.    0.  ]]",
    "maxit": 5000,
    "reltol": 1e-07,
    "score": 1.0057674267829744,
    "message": "CONVERGENCE: REL_REDUCTION_OF_F_<=_FACTR*EPSMCH",
    "status": 0,
    "nit": 28
}