{
    "lambda": 0.0001000001000000001,
    "init": "[[-1.82 -0.53  0.    0.  ]\n [-0.37 -2.95  0.    0.  ]\n [ 0.62  0.84 -2.94  0.  ]\n [ 0.    0.    0.    0.  ]]",
    "maxit": 5000,
    "reltol": 1e-07,
    "score": 1.0252076717255125,
    "message": "CONVERGENCE: REL_REDUCTION_OF_F_<=_FACTR*EPSMCH",
    "status": 0,
    "nit": 43
}