{
    "lambda": 3.594033295457322e-05,
    "init": "[[-0.81 -0.87  0.11  0.  ]\n [-0.25 -1.95  0.    0.  ]\n [ 0.    0.77 -2.1   0.  ]\n [ 0.    0.    0.    0.  ]]",
    "maxit": 5000,
    "reltol": 1e-07,
    "score": 1.6864953149533126,
    "message": "CONVERGENCE: REL_REDUCTION_OF_F_<=_FACTR*EPSMCH",
    "status": 0,
    "nit": 62
}