{
    "lambda": 0.0021544706137345978,
    "init": "[[-0.83 -0.42  0.    0.  ]\n [-0.29 -1.94  0.    0.  ]\n [ 0.    0.37 -2.07  0.  ]\n [ 0.    0.    0.    0.  ]]",
    "maxit": 5000,
    "reltol": 1e-07,
    "score": 1.678138381936149,
    "message": "CONVERGENCE: REL_REDUCTION_OF_F_<=_FACTR*EPSMCH",
    "status": 0,
    "nit": 47
}