{
    "lambda": 0.005994875862915645,
    "init": "[[-0.01 -0.58 -0.    0.  ]\n [-0.4   0.26  0.    0.  ]\n [ 0.    0.34  0.16  0.  ]\n [ 0.    0.    0.    0.  ]]",
    "maxit": 5000,
    "reltol": 1e-07,
    "score": 2.4715208502557235,
    "message": "CONVERGENCE: REL_REDUCTION_OF_F_<=_FACTR*EPSMCH",
    "status": 0,
    "nit": 44
}