{
    "lambda": 0.0001000001000000001,
    "init": "[[-1.79 -0.56  0.    0.  ]\n [-0.49 -2.99  0.    0.  ]\n [ 0.22  0.52 -3.11  0.  ]\n [ 0.    0.    0.    0.  ]]",
    "maxit": 5000,
    "reltol": 1e-07,
    "score": 0.999510397553666,
    "message": "CONVERGENCE: REL_REDUCTION_OF_F_<=_FACTR*EPSMCH",
    "status": 0,
    "nit": 52
}