{
    "lambda": 0.0001000001000000001,
    "init": "[[-1.52 -0.61  0.    0.  ]\n [-0.5  -3.08  0.    0.  ]\n [ 0.28  0.73 -3.01  0.  ]\n [ 0.    0.    0.    0.  ]]",
    "maxit": 5000,
    "reltol": 1e-07,
    "score": 1.0450949775950316,
    "message": "CONVERGENCE: REL_REDUCTION_OF_F_<=_FACTR*EPSMCH",
    "status": 0,
    "nit": 65
}