{
    "lambda": 0.005994875862915645,
    "init": "[[-0.   -0.52  0.    0.  ]\n [-0.4   0.24  0.    0.  ]\n [ 0.    0.33  0.13  0.  ]\n [ 0.    0.    0.    0.  ]]",
    "maxit": 5000,
    "reltol": 1e-07,
    "score": 2.4723122019290864,
    "message": "CONVERGENCE: REL_REDUCTION_OF_F_<=_FACTR*EPSMCH",
    "status": 0,
    "nit": 49
}