{
    "lambda": 0.005994875862915645,
    "init": "[[-0.87 -0.25  0.    0.  ]\n [-0.18 -1.42  0.    0.  ]\n [ 0.    0.   -3.28  0.  ]\n [ 0.    0.    0.    0.  ]]",
    "maxit": 5000,
    "reltol": 1e-07,
    "score": 1.6461321180908943,
    "message": "CONVERGENCE: REL_REDUCTION_OF_F_<=_FACTR*EPSMCH",
    "status": 0,
    "nit": 49
}