{
    "lambda": 0.0001000050003750312,
    "init": "[[-0.81 -0.65  0.01  0.  ]\n [-0.4  -1.91  0.    0.  ]\n [ 0.01  0.61 -2.13  0.  ]\n [ 0.    0.    0.    0.  ]]",
    "maxit": 5000,
    "reltol": 1e-07,
    "score": 1.6857925525402189,
    "message": "CONVERGENCE: REL_REDUCTION_OF_F_<=_FACTR*EPSMCH",
    "status": 0,
    "nit": 28
}