{
    "lambda": 7.7432390424141e-06,
    "init": "[[-0.81 -0.87  0.1   0.  ]\n [-0.18 -1.97  0.05  0.  ]\n [ 0.08  0.58 -2.12  0.  ]\n [ 0.    0.    0.    0.  ]]",
    "maxit": 5000,
    "reltol": 1e-07,
    "score": 1.6742576620328802,
    "message": "CONVERGENCE: REL_REDUCTION_OF_F_<=_FACTR*EPSMCH",
    "status": 0,
    "nit": 56
}