{
    "lambda": 0.0035938536252383157,
    "init": "[[-0.81 -0.47 -0.    0.  ]\n [-0.25 -1.72  0.    0.  ]\n [ 0.    0.   -2.6   0.  ]\n [ 0.    0.    0.    0.  ]]",
    "maxit": 5000,
    "reltol": 1e-07,
    "score": 1.6489398768864838,
    "message": "CONVERGENCE: REL_REDUCTION_OF_F_<=_FACTR*EPSMCH",
    "status": 0,
    "nit": 46
}