{
    "lambda": 0.0001000001000000001,
    "init": "[[-1.57 -0.71  0.    0.  ]\n [-0.68 -3.13  0.    0.  ]\n [ 0.61  0.77 -3.01  0.  ]\n [ 0.    0.    0.    0.  ]]",
    "maxit": 5000,
    "reltol": 1e-07,
    "score": 1.0366500629189233,
    "message": "CONVERGENCE: REL_REDUCTION_OF_F_<=_FACTR*EPSMCH",
    "status": 0,
    "nit": 60
}