{
    "lambda": 0.00013333333333333334,
    "init": "[[-0.87 -0.64  0.    0.  ]\n [ 0.   -1.92 -0.    0.  ]\n [-0.2   0.37 -2.18  0.  ]\n [ 0.    0.    0.    0.  ]]",
    "maxit": 5000,
    "reltol": 1e-07,
    "score": 1.6821233216467857,
    "message": "CONVERGENCE: REL_REDUCTION_OF_F_<=_FACTR*EPSMCH",
    "status": 0,
    "nit": 105
}