{
    "lambda": 0.00038684719535783365,
    "init": "[[-3.39 -0.08  0.  ]\n [-0.08 -2.89  0.  ]\n [ 0.    0.    0.  ]]",
    "maxit": 5000,
    "reltol": 1e-07,
    "score": 0.9998640300647307,
    "message": "CONVERGENCE: REL_REDUCTION_OF_F_<=_FACTR*EPSMCH",
    "status": 0,
    "nit": 29
}