{
    "lambda": 0.00013333333333333334,
    "init": "[[-0.83 -0.8   0.14  0.  ]\n [-0.37 -1.91  0.    0.  ]\n [ 0.01  0.49 -2.13  0.  ]\n [ 0.    0.    0.    0.  ]]",
    "maxit": 5000,
    "reltol": 1e-07,
    "score": 1.7032359052661004,
    "message": "CONVERGENCE: REL_REDUCTION_OF_F_<=_FACTR*EPSMCH",
    "status": 0,
    "nit": 62
}