{
    "lambda": 0.0001000001000000001,
    "init": "[[-1.55 -0.64  0.01  0.  ]\n [-0.45 -3.11  0.    0.  ]\n [ 0.32  0.8  -2.99  0.  ]\n [ 0.    0.    0.    0.  ]]",
    "maxit": 5000,
    "reltol": 1e-07,
    "score": 1.0521467154045194,
    "message": "CONVERGENCE: REL_REDUCTION_OF_F_<=_FACTR*EPSMCH",
    "status": 0,
    "nit": 39
}