{
    "lambda": 0.0035938536252383157,
    "init": "[[-0.01 -0.65 -0.    0.  ]\n [-0.48  0.24  0.    0.  ]\n [ 0.    0.38  0.11  0.  ]\n [ 0.    0.    0.    0.  ]]",
    "maxit": 5000,
    "reltol": 1e-07,
    "score": 2.4884513012255978,
    "message": "CONVERGENCE: REL_REDUCTION_OF_F_<=_FACTR*EPSMCH",
    "status": 0,
    "nit": 40
}