{
    "lambda": 0.00038684719535783365,
    "init": "[[ 0.52 -0.01 -3.57 -2.42  0.  ]\n [-0.95  0.21 -3.32 -0.85  0.  ]\n [ 0.45  0.93 -0.93 -0.73  0.  ]\n [-0.8  -0.7  -3.5   0.22  0.  ]\n [ 0.    0.    0.    0.    0.  ]]",
    "maxit": 5000,
    "reltol": 1e-07,
    "score": 3.1868474761503194,
    "message": "CONVERGENCE: REL_REDUCTION_OF_F_<=_FACTR*EPSMCH",
    "status": 0,
    "nit": 121
}