{
    "lambda": 0.00013333333333333334,
    "init": "[[-0.78 -1.06  0.41  0.  ]\n [-0.05 -2.03 -0.    0.  ]\n [ 0.    0.48 -2.1   0.  ]\n [ 0.    0.    0.    0.  ]]",
    "maxit": 5000,
    "reltol": 1e-07,
    "score": 1.9446154122155852,
    "message": "CONVERGENCE: REL_REDUCTION_OF_F_<=_FACTR*EPSMCH",
    "status": 0,
    "nit": 45
}