{
    "lambda": 0.00038684719535783365,
    "init": "[[-2.14  2.26 -0.    0.  ]\n [-0.   -2.1   0.    0.  ]\n [ 0.23 -0.56 -0.65  0.  ]\n [ 0.    0.    0.    0.  ]]",
    "maxit": 5000,
    "reltol": 1e-07,
    "score": 1.4971443446725876,
    "message": "CONVERGENCE: REL_REDUCTION_OF_F_<=_FACTR*EPSMCH",
    "status": 0,
    "nit": 67
}