{
    "lambda": 2.421893921046258e-05,
    "init": "[[  3.11  -3.98 -10.55   0.  ]\n [ -4.11   2.02  -9.69   0.  ]\n [ -2.19  -1.42   0.92   0.  ]\n [  0.     0.     0.     0.  ]]",
    "maxit": 5000,
    "reltol": 1e-07,
    "score": 1.559647123631413,
    "message": "CONVERGENCE: REL_REDUCTION_OF_F_<=_FACTR*EPSMCH",
    "status": 0,
    "nit": 389
}