{
    "lambda": 0.0021544706137345978,
    "init": "[[-0.85 -0.43  0.    0.  ]\n [-0.26 -1.58  0.    0.  ]\n [ 0.    0.28 -2.87  0.  ]\n [ 0.    0.    0.    0.  ]]",
    "maxit": 5000,
    "reltol": 1e-07,
    "score": 1.575914297211743,
    "message": "CONVERGENCE: REL_REDUCTION_OF_F_<=_FACTR*EPSMCH",
    "status": 0,
    "nit": 58
}