{
    "lambda": 0.0001000001000000001,
    "init": "[[-1.79 -0.6   0.    0.  ]\n [-0.54 -3.02  0.    0.  ]\n [ 0.21  0.38 -3.14  0.  ]\n [ 0.    0.    0.    0.  ]]",
    "maxit": 5000,
    "reltol": 1e-07,
    "score": 0.994144707676941,
    "message": "CONVERGENCE: REL_REDUCTION_OF_F_<=_FACTR*EPSMCH",
    "status": 0,
    "nit": 53
}