{
    "lambda": 0.00013333333333333334,
    "init": "[[-0.77 -0.41  0.    0.  ]\n [-0.28 -1.91  0.    0.  ]\n [ 0.26  0.64 -2.22  0.  ]\n [ 0.    0.    0.    0.  ]]",
    "maxit": 5000,
    "reltol": 1e-07,
    "score": 1.5606523565585617,
    "message": "CONVERGENCE: REL_REDUCTION_OF_F_<=_FACTR*EPSMCH",
    "status": 0,
    "nit": 54
}