{
    "lambda": 0.0035938536252383157,
    "init": "[[-0.82 -0.44  0.    0.  ]\n [-0.26 -1.93  0.    0.  ]\n [ 0.    0.36 -2.02  0.  ]\n [ 0.    0.    0.    0.  ]]",
    "maxit": 5000,
    "reltol": 1e-07,
    "score": 1.7005822119185332,
    "message": "CONVERGENCE: REL_REDUCTION_OF_F_<=_FACTR*EPSMCH",
    "status": 0,
    "nit": 46
}