{
    "lambda": 0.00038684719535783365,
    "init": "[[-1.92  1.47  0.  ]\n [ 1.42 -2.36  0.  ]\n [ 0.    0.    0.  ]]",
    "maxit": 5000,
    "reltol": 1e-07,
    "score": 1.0469426309880903,
    "message": "CONVERGENCE: REL_REDUCTION_OF_F_<=_FACTR*EPSMCH",
    "status": 0,
    "nit": 61
}