{
    "lambda": 0.00013333333333333334,
    "init": "[[-0.87 -0.49  0.    0.  ]\n [-0.39 -1.83  0.    0.  ]\n [ 0.26  0.49 -2.25  0.  ]\n [ 0.    0.    0.    0.  ]]",
    "maxit": 5000,
    "reltol": 1e-07,
    "score": 1.574109704590129,
    "message": "CONVERGENCE: REL_REDUCTION_OF_F_<=_FACTR*EPSMCH",
    "status": 0,
    "nit": 49
}