{
    "lambda": 0.0001000001000000001,
    "init": "[[0.25 0.01 0.07 0.  ]\n [0.02 0.3  0.11 0.  ]\n [0.09 0.12 0.09 0.  ]\n [0.   0.   0.   0.  ]]",
    "maxit": 5000,
    "reltol": 1e-07,
    "score": 2.326717724945596,
    "message": "CONVERGENCE: REL_REDUCTION_OF_F_<=_FACTR*EPSMCH",
    "status": 0,
    "nit": 95
}