{
    "lambda": 0.0001000001000000001,
    "init": "[[-1.54 -0.51  0.    0.  ]\n [-0.53 -3.1   0.    0.  ]\n [ 0.33  0.93 -2.98  0.  ]\n [ 0.    0.    0.    0.  ]]",
    "maxit": 5000,
    "reltol": 1e-07,
    "score": 1.0546782402075747,
    "message": "CONVERGENCE: REL_REDUCTION_OF_F_<=_FACTR*EPSMCH",
    "status": 0,
    "nit": 45
}