{
    "lambda": 0.00013333333333333334,
    "init": "[[-0.73  0.   -0.    0.  ]\n [ 0.   -1.93 -0.    0.  ]\n [ 0.31 -0.2  -1.96  0.  ]\n [ 0.    0.    0.    0.  ]]",
    "maxit": 5000,
    "reltol": 1e-07,
    "score": 1.7654086514073832,
    "message": "CONVERGENCE: REL_REDUCTION_OF_F_<=_FACTR*EPSMCH",
    "status": 0,
    "nit": 41
}