{
    "lambda": 0.00013333333333333334,
    "init": "[[-0.88 -0.67 -0.13  0.  ]\n [-0.48 -2.02  0.    0.  ]\n [-0.02  0.   -2.19  0.  ]\n [ 0.    0.    0.    0.  ]]",
    "maxit": 5000,
    "reltol": 1e-07,
    "score": 1.6391350995649765,
    "message": "CONVERGENCE: REL_REDUCTION_OF_F_<=_FACTR*EPSMCH",
    "status": 0,
    "nit": 66
}