{
    "lambda": 2.4077819512664933e-05,
    "init": "[[  3.11  -4.03 -10.54   0.  ]\n [ -4.08   2.    -9.66   0.  ]\n [ -2.18  -1.29   0.9    0.  ]\n [  0.     0.     0.     0.  ]]",
    "maxit": 5000,
    "reltol": 1e-07,
    "score": 1.952800016946554,
    "message": "CONVERGENCE: REL_REDUCTION_OF_F_<=_FACTR*EPSMCH",
    "status": 0,
    "nit": 337
}