{
    "lambda": 0.00010000009999999992,
    "init": "[[-1.5  -0.57  0.01  0.  ]\n [-0.34 -3.01  0.    0.  ]\n [ 0.28  0.47 -3.06  0.  ]\n [ 0.    0.    0.    0.  ]]",
    "maxit": 5000,
    "reltol": 1e-07,
    "score": 1.0609624207040724,
    "message": "CONVERGENCE: REL_REDUCTION_OF_F_<=_FACTR*EPSMCH",
    "status": 0,
    "nit": 52
}