{
    "lambda": 0.00013333333333333334,
    "init": "[[-0.88 -0.4   0.    0.  ]\n [-0.25 -2.02  0.    0.  ]\n [ 0.17  0.49 -2.02  0.  ]\n [ 0.    0.    0.    0.  ]]",
    "maxit": 5000,
    "reltol": 1e-07,
    "score": 1.5882254161559148,
    "message": "CONVERGENCE: REL_REDUCTION_OF_F_<=_FACTR*EPSMCH",
    "status": 0,
    "nit": 90
}