{
    "lambda": 0.00013333333333333334,
    "init": "[[-0.65 -0.67  0.    0.  ]\n [-0.47 -1.96  0.    0.  ]\n [ 0.34  0.54 -2.19  0.  ]\n [ 0.    0.    0.    0.  ]]",
    "maxit": 5000,
    "reltol": 1e-07,
    "score": 1.5674551913576908,
    "message": "CONVERGENCE: REL_REDUCTION_OF_F_<=_FACTR*EPSMCH",
    "status": 0,
    "nit": 42
}