{
    "lambda": 0.00010000009999999992,
    "init": "[[-1.51 -0.37  0.01  0.  ]\n [-0.27 -3.09  0.    0.  ]\n [ 0.08  0.13 -3.02  0.  ]\n [ 0.    0.    0.    0.  ]]",
    "maxit": 5000,
    "reltol": 1e-07,
    "score": 1.0476906077892285,
    "message": "CONVERGENCE: REL_REDUCTION_OF_F_<=_FACTR*EPSMCH",
    "status": 0,
    "nit": 51
}