{
    "lambda": 0.0035938536252383157,
    "init": "[[-0.04 -0.6   0.    0.  ]\n [-0.47  0.22  0.    0.  ]\n [ 0.    0.37  0.12  0.  ]\n [ 0.    0.    0.    0.  ]]",
    "maxit": 5000,
    "reltol": 1e-07,
    "score": 2.481048411621711,
    "message": "CONVERGENCE: REL_REDUCTION_OF_F_<=_FACTR*EPSMCH",
    "status": 0,
    "nit": 44
}