{
    "lambda": 0.00013333333333333334,
    "init": "[[-0.87 -0.76  0.01  0.  ]\n [-0.5  -2.01  0.    0.  ]\n [ 0.2   0.06 -2.12  0.  ]\n [ 0.    0.    0.    0.  ]]",
    "maxit": 5000,
    "reltol": 1e-07,
    "score": 1.6684545115147948,
    "message": "CONVERGENCE: REL_REDUCTION_OF_F_<=_FACTR*EPSMCH",
    "status": 0,
    "nit": 82
}