{
    "lambda": 0.00010000009999999992,
    "init": "[[-1.52 -0.5   0.    0.  ]\n [-0.37 -3.01  0.    0.  ]\n [ 0.39  0.64 -3.09  0.  ]\n [ 0.    0.    0.    0.  ]]",
    "maxit": 5000,
    "reltol": 1e-07,
    "score": 1.057982321342944,
    "message": "CONVERGENCE: REL_REDUCTION_OF_F_<=_FACTR*EPSMCH",
    "status": 0,
    "nit": 52
}