{
    "lambda": 0.0001000001000000001,
    "init": "[[ 0.2  -0.23 -0.11  0.  ]\n [-0.   -0.01  0.01  0.  ]\n [-0.    0.05 -0.11  0.  ]\n [ 0.    0.    0.    0.  ]]",
    "maxit": 5000,
    "reltol": 1e-07,
    "score": 2.5144989164152154,
    "message": "CONVERGENCE: REL_REDUCTION_OF_F_<=_FACTR*EPSMCH",
    "status": 0,
    "nit": 71
}