{
    "lambda": 2.154578323799439e-05,
    "init": "[[-0.83 -0.96  0.08  0.  ]\n [-0.18 -1.96 -0.    0.  ]\n [ 0.    0.61 -2.15  0.  ]\n [ 0.    0.    0.    0.  ]]",
    "maxit": 5000,
    "reltol": 1e-07,
    "score": 1.6682821105407546,
    "message": "CONVERGENCE: REL_REDUCTION_OF_F_<=_FACTR*EPSMCH",
    "status": 0,
    "nit": 37
}