{
    "lambda": 0.00038684719535783365,
    "init": "[[-3.31 -0.03 -0.34  0.  ]\n [-0.02 -2.81 -0.32  0.  ]\n [-0.17 -0.18 -0.95  0.  ]\n [ 0.    0.    0.    0.  ]]",
    "maxit": 5000,
    "reltol": 1e-07,
    "score": 1.6105000550795014,
    "message": "CONVERGENCE: REL_REDUCTION_OF_F_<=_FACTR*EPSMCH",
    "status": 0,
    "nit": 66
}