{
    "lambda": 0.0001000001000000001,
    "init": "[[-1.78 -0.56  0.    0.  ]\n [-0.48 -3.03  0.    0.  ]\n [ 0.17  0.53 -3.12  0.  ]\n [ 0.    0.    0.    0.  ]]",
    "maxit": 5000,
    "reltol": 1e-07,
    "score": 0.9943132101987066,
    "message": "CONVERGENCE: REL_REDUCTION_OF_F_<=_FACTR*EPSMCH",
    "status": 0,
    "nit": 48
}