{
    "lambda": 2.418145765826764e-05,
    "init": "[[  3.14  -4.11 -10.56   0.  ]\n [ -4.04   2.03  -9.69   0.  ]\n [ -2.26  -1.48   0.96   0.  ]\n [  0.     0.     0.     0.  ]]",
    "maxit": 5000,
    "reltol": 1e-07,
    "score": 1.683695293154249,
    "message": "CONVERGENCE: REL_REDUCTION_OF_F_<=_FACTR*EPSMCH",
    "status": 0,
    "nit": 225
}