{
    "lambda": 0.0035938536252383157,
    "init": "[[-0.03 -0.56 -0.    0.  ]\n [-0.43  0.3   0.    0.  ]\n [ 0.    0.47  0.11  0.  ]\n [ 0.    0.    0.    0.  ]]",
    "maxit": 5000,
    "reltol": 1e-07,
    "score": 2.4606626434426193,
    "message": "CONVERGENCE: REL_REDUCTION_OF_F_<=_FACTR*EPSMCH",
    "status": 0,
    "nit": 51
}