{
    "lambda": 0.0001000001000000001,
    "init": "[[-1.73 -0.42  0.    0.  ]\n [-0.36 -2.97  0.    0.  ]\n [ 0.66  0.58 -2.98  0.  ]\n [ 0.    0.    0.    0.  ]]",
    "maxit": 5000,
    "reltol": 1e-07,
    "score": 1.0444487975081909,
    "message": "CONVERGENCE: REL_REDUCTION_OF_F_<=_FACTR*EPSMCH",
    "status": 0,
    "nit": 46
}