{
    "lambda": 0.00013333333333333334,
    "init": "[[-0.68 -1.02  0.    0.  ]\n [-0.95 -2.    0.    0.  ]\n [ 0.01  1.56 -2.11  0.  ]\n [ 0.    0.    0.    0.  ]]",
    "maxit": 5000,
    "reltol": 1e-07,
    "score": 1.589576470321174,
    "message": "CONVERGENCE: REL_REDUCTION_OF_F_<=_FACTR*EPSMCH",
    "status": 0,
    "nit": 56
}