{
    "lambda": 2.3865778859693085e-05,
    "init": "[[  3.09  -4.04 -10.55   0.  ]\n [ -4.09   2.    -9.66   0.  ]\n [ -2.13  -1.28   0.88   0.  ]\n [  0.     0.     0.     0.  ]]",
    "maxit": 5000,
    "reltol": 1e-07,
    "score": 1.744689122749879,
    "message": "CONVERGENCE: REL_REDUCTION_OF_F_<=_FACTR*EPSMCH",
    "status": 0,
    "nit": 265
}