{
    "lambda": 0.00016681746822100728,
    "init": "[[-0.82 -0.57  0.01  0.  ]\n [-0.36 -1.92  0.    0.  ]\n [ 0.05  0.58 -2.12  0.  ]\n [ 0.    0.    0.    0.  ]]",
    "maxit": 5000,
    "reltol": 1e-07,
    "score": 1.6840014048156788,
    "message": "CONVERGENCE: REL_REDUCTION_OF_F_<=_FACTR*EPSMCH",
    "status": 0,
    "nit": 50
}