{
    "lambda": 1.2916429458942183e-05,
    "init": "[[-0.8  -0.64  0.    0.  ]\n [-0.52 -1.92  0.42  0.  ]\n [ 0.11  0.49 -2.07  0.  ]\n [ 0.    0.    0.    0.  ]]",
    "maxit": 5000,
    "reltol": 1e-07,
    "score": 1.6943455690141038,
    "message": "CONVERGENCE: REL_REDUCTION_OF_F_<=_FACTR*EPSMCH",
    "status": 0,
    "nit": 59
}