{
    "lambda": 0.00038684719535783365,
    "init": "[[-3.37 -0.24 -0.58 -0.06 -0.    0.  ]\n [-0.22 -3.01 -0.33  0.   -0.    0.  ]\n [-0.06 -0.31 -1.09  0.46 -0.04  0.  ]\n [-0.17  0.    0.   -3.39 -0.03  0.  ]\n [-0.   -0.   -0.43 -0.01 -2.8   0.  ]\n [ 0.    0.    0.    0.    0.    0.  ]]",
    "maxit": 5000,
    "reltol": 1e-07,
    "score": 1.4376862864971978,
    "message": "CONVERGENCE: REL_REDUCTION_OF_F_<=_FACTR*EPSMCH",
    "status": 0,
    "nit": 119
}