{
    "lambda": 0.00038684719535783365,
    "init": "[[-2.74 -1.94 -1.24  0.  ]\n [-1.98 -0.56 -1.76  0.  ]\n [-1.26 -1.71 -2.57  0.  ]\n [ 0.    0.    0.    0.  ]]",
    "maxit": 5000,
    "reltol": 1e-07,
    "score": 1.5704317369452225,
    "message": "CONVERGENCE: REL_REDUCTION_OF_F_<=_FACTR*EPSMCH",
    "status": 0,
    "nit": 53
}