{
    "lambda": 0.0038684769540751054,
    "init": "[[-0.07 -0.72 -0.39  0.  ]\n [-0.45 -0.46 -0.    0.  ]\n [-0.07 -0.   -0.59  0.  ]\n [ 0.    0.    0.    0.  ]]",
    "maxit": 5000,
    "reltol": 1e-07,
    "score": 2.5378415758632733,
    "message": "CONVERGENCE: REL_REDUCTION_OF_F_<=_FACTR*EPSMCH",
    "status": 0,
    "nit": 33
}