{
    "lambda": 0.002995238853841922,
    "init": "[[-0.05 -0.75 -0.43  0.  ]\n [-0.46 -0.45 -0.    0.  ]\n [-0.08 -0.   -0.59  0.  ]\n [ 0.    0.    0.    0.  ]]",
    "maxit": 5000,
    "reltol": 1e-07,
    "score": 2.0901577568382965,
    "message": "CONVERGENCE: REL_REDUCTION_OF_F_<=_FACTR*EPSMCH",
    "status": 0,
    "nit": 66
}