{
    "lambda": 0.00010000009999999992,
    "init": null,
    "maxit": 5000,
    "reltol": 1e-07,
    "score": 2.1489991852844548,
    "message": "CONVERGENCE: REL_REDUCTION_OF_F_<=_FACTR*EPSMCH",
    "status": 0,
    "nit": 137
}