{
    "lambda": 0.0035938536252383157,
    "init": "[[-0.85 -0.37  0.    0.  ]\n [-0.15 -1.95  0.    0.  ]\n [ 0.    0.01 -2.12  0.  ]\n [ 0.    0.    0.    0.  ]]",
    "maxit": 5000,
    "reltol": 1e-07,
    "score": 1.6724520858577483,
    "message": "CONVERGENCE: REL_REDUCTION_OF_F_<=_FACTR*EPSMCH",
    "status": 0,
    "nit": 37
}