{
    "lambda": 0.0035938536252383157,
    "init": "[[-0.83 -0.45 -0.    0.  ]\n [-0.2  -1.96  0.    0.  ]\n [ 0.    0.07 -2.05  0.  ]\n [ 0.    0.    0.    0.  ]]",
    "maxit": 5000,
    "reltol": 1e-07,
    "score": 1.6910125724879361,
    "message": "CONVERGENCE: REL_REDUCTION_OF_F_<=_FACTR*EPSMCH",
    "status": 0,
    "nit": 40
}