{
    "lambda": 0.005994875862915645,
    "init": "[[-0.72 -0.24  0.    0.  ]\n [-0.2  -1.55  0.    0.  ]\n [ 0.    0.   -3.94  0.  ]\n [ 0.    0.    0.    0.  ]]",
    "maxit": 5000,
    "reltol": 1e-07,
    "score": 1.5978251480484922,
    "message": "CONVERGENCE: REL_REDUCTION_OF_F_<=_FACTR*EPSMCH",
    "status": 0,
    "nit": 44
}