{
    "lambda": 0.00013333333333333334,
    "init": "[[-0.84 -0.18  0.    0.  ]\n [-0.88 -1.88  0.    0.  ]\n [ 0.04  0.82 -2.16  0.  ]\n [ 0.    0.    0.    0.  ]]",
    "maxit": 5000,
    "reltol": 1e-07,
    "score": 1.6609089188078987,
    "message": "CONVERGENCE: REL_REDUCTION_OF_F_<=_FACTR*EPSMCH",
    "status": 0,
    "nit": 52
}