{
    "lambda": 0.0001000001000000001,
    "init": "[[-1.5  -0.57  0.01  0.  ]\n [-0.34 -3.01  0.    0.  ]\n [ 0.27  0.47 -3.06  0.  ]\n [ 0.    0.    0.    0.  ]]",
    "maxit": 5000,
    "reltol": 1e-07,
    "score": 1.060962224636711,
    "message": "CONVERGENCE: REL_REDUCTION_OF_F_<=_FACTR*EPSMCH",
    "status": 0,
    "nit": 53
}