{
    "lambda": 0.00013333333333333334,
    "init": "[[-0.78 -0.82  0.2   0.  ]\n [-0.   -2.03 -0.    0.  ]\n [ 0.    0.41 -2.08  0.  ]\n [ 0.    0.    0.    0.  ]]",
    "maxit": 5000,
    "reltol": 1e-07,
    "score": 1.6095027264201498,
    "message": "CONVERGENCE: REL_REDUCTION_OF_F_<=_FACTR*EPSMCH",
    "status": 0,
    "nit": 73
}