{
    "lambda": 0.0001000001000000001,
    "init": "[[-1.79 -0.48  0.    0.  ]\n [-0.5  -2.99  0.    0.  ]\n [ 0.15  0.5  -3.13  0.  ]\n [ 0.    0.    0.    0.  ]]",
    "maxit": 5000,
    "reltol": 1e-07,
    "score": 0.9995221991785183,
    "message": "CONVERGENCE: REL_REDUCTION_OF_F_<=_FACTR*EPSMCH",
    "status": 0,
    "nit": 41
}