{
    "lambda": 0.0035938536252383157,
    "init": "[[-0.59 -0.36  0.    0.  ]\n [-0.29 -1.61  0.    0.  ]\n [ 0.    0.   -3.48  0.  ]\n [ 0.    0.    0.    0.  ]]",
    "maxit": 5000,
    "reltol": 1e-07,
    "score": 1.6421288901497102,
    "message": "CONVERGENCE: REL_REDUCTION_OF_F_<=_FACTR*EPSMCH",
    "status": 0,
    "nit": 44
}