{
    "lambda": 2.4156339831388748e-05,
    "init": "[[  3.1   -4.06 -10.53   0.  ]\n [ -4.     2.    -9.71   0.  ]\n [ -2.18  -1.44   0.9    0.  ]\n [  0.     0.     0.     0.  ]]",
    "maxit": 5000,
    "reltol": 1e-07,
    "score": 1.6815998957459024,
    "message": "CONVERGENCE: REL_REDUCTION_OF_F_<=_FACTR*EPSMCH",
    "status": 0,
    "nit": 214
}