{
    "lambda": 0.00038684719535783365,
    "init": "[[-0.14 -3.42 -5.5  -2.98  0.  ]\n [-3.46 -2.15 -2.49 -1.75  0.  ]\n [-5.51 -2.58  0.06 -2.35  0.  ]\n [-3.01 -1.78 -2.23 -2.    0.  ]\n [ 0.    0.    0.    0.    0.  ]]",
    "maxit": 5000,
    "reltol": 1e-07,
    "score": 1.6499366956193189,
    "message": "CONVERGENCE: REL_REDUCTION_OF_F_<=_FACTR*EPSMCH",
    "status": 0,
    "nit": 70
}