{
    "lambda": 0.0035938536252383157,
    "init": "[[-0.02 -0.59  0.    0.  ]\n [-0.48  0.26  0.    0.  ]\n [ 0.    0.3   0.12  0.  ]\n [ 0.    0.    0.    0.  ]]",
    "maxit": 5000,
    "reltol": 1e-07,
    "score": 2.4916788598178763,
    "message": "CONVERGENCE: REL_REDUCTION_OF_F_<=_FACTR*EPSMCH",
    "status": 0,
    "nit": 38
}