{
    "lambda": 0.0001000001000000001,
    "init": "[[ 0.25 -0.25 -0.17  0.  ]\n [-0.    0.08  0.01  0.  ]\n [-0.    0.01 -0.13  0.  ]\n [ 0.    0.    0.    0.  ]]",
    "maxit": 5000,
    "reltol": 1e-07,
    "score": 2.4457562202123238,
    "message": "CONVERGENCE: REL_REDUCTION_OF_F_<=_FACTR*EPSMCH",
    "status": 0,
    "nit": 69
}