{
    "lambda": 0.0001000001000000001,
    "init": "[[-1.79 -0.43  0.    0.  ]\n [-0.42 -2.95  0.    0.  ]\n [ 0.72  0.58 -2.94  0.  ]\n [ 0.    0.    0.    0.  ]]",
    "maxit": 5000,
    "reltol": 1e-07,
    "score": 1.02939989806116,
    "message": "CONVERGENCE: REL_REDUCTION_OF_F_<=_FACTR*EPSMCH",
    "status": 0,
    "nit": 44
}