{
    "lambda": 0.0001000001000000001,
    "init": "[[ 0.42 -0.16 -0.2   0.  ]\n [-0.12 -0.04 -0.03  0.  ]\n [-0.16 -0.04 -0.17  0.  ]\n [ 0.    0.    0.    0.  ]]",
    "maxit": 5000,
    "reltol": 1e-07,
    "score": 2.488590819602682,
    "message": "CONVERGENCE: REL_REDUCTION_OF_F_<=_FACTR*EPSMCH",
    "status": 0,
    "nit": 119
}