{
    "lambda": 0.00013333333333333334,
    "init": "[[-1.03 -0.13 -0.    0.  ]\n [-0.47 -1.94  0.    0.  ]\n [-0.06  0.12 -2.08  0.  ]\n [ 0.    0.    0.    0.  ]]",
    "maxit": 5000,
    "reltol": 1e-07,
    "score": 1.5754626462434957,
    "message": "CONVERGENCE: REL_REDUCTION_OF_F_<=_FACTR*EPSMCH",
    "status": 0,
    "nit": 80
}