{
    "lambda": 0.00038684719535783365,
    "init": "[[-3.39 -0.07 -0.12  0.  ]\n [-0.06 -2.88 -0.2   0.  ]\n [-0.12 -0.2  -3.13  0.  ]\n [ 0.    0.    0.    0.  ]]",
    "maxit": 5000,
    "reltol": 1e-07,
    "score": 0.7021629778917885,
    "message": "CONVERGENCE: REL_REDUCTION_OF_F_<=_FACTR*EPSMCH",
    "status": 0,
    "nit": 34
}