{
    "lambda": 0.00038684719535783365,
    "init": "[[-0.33  1.04  0.  ]\n [ 0.   -3.18  0.  ]\n [ 0.    0.    0.  ]]",
    "maxit": 5000,
    "reltol": 1e-07,
    "score": 1.0532152929399403,
    "message": "CONVERGENCE: REL_REDUCTION_OF_F_<=_FACTR*EPSMCH",
    "status": 0,
    "nit": 42
}