{
    "lambda": 0.00038684719535783365,
    "init": "[[ 0.3  -2.95 -2.64  0.  ]\n [ 0.18 -0.65 -0.1   0.  ]\n [ 0.56 -0.18 -0.8   0.  ]\n [ 0.    0.    0.    0.  ]]",
    "maxit": 5000,
    "reltol": 1e-07,
    "score": 2.1233887124391435,
    "message": "CONVERGENCE: REL_REDUCTION_OF_F_<=_FACTR*EPSMCH",
    "status": 0,
    "nit": 53
}