{
    "lambda": 0.0001000001000000001,
    "init": "[[-1.54 -0.67  0.    0.  ]\n [-0.53 -3.17  0.    0.  ]\n [ 0.37  0.63 -2.89  0.  ]\n [ 0.    0.    0.    0.  ]]",
    "maxit": 5000,
    "reltol": 1e-07,
    "score": 1.0446364213632737,
    "message": "CONVERGENCE: REL_REDUCTION_OF_F_<=_FACTR*EPSMCH",
    "status": 0,
    "nit": 47
}