{
    "lambda": 2.4150505953099716e-05,
    "init": "[[  3.15  -4.35 -10.53   0.  ]\n [ -3.93   2.02  -9.41   0.  ]\n [ -2.28  -1.54   1.     0.  ]\n [  0.     0.     0.     0.  ]]",
    "maxit": 5000,
    "reltol": 1e-07,
    "score": 1.7760754904939533,
    "message": "CONVERGENCE: REL_REDUCTION_OF_F_<=_FACTR*EPSMCH",
    "status": 0,
    "nit": 264
}