{
    "lambda": 0.00038684719535783365,
    "init": null,
    "maxit": 5000,
    "reltol": 1e-07,
    "score": 1.747226324951827,
    "message": "CONVERGENCE: REL_REDUCTION_OF_F_<=_FACTR*EPSMCH",
    "status": 0,
    "nit": 122
}