{
    "lambda": 0.0001000001000000001,
    "init": "[[-1.74 -0.58  0.    0.  ]\n [-0.47 -2.97  0.    0.  ]\n [ 0.73  0.71 -2.91  0.  ]\n [ 0.    0.    0.    0.  ]]",
    "maxit": 5000,
    "reltol": 1e-07,
    "score": 1.041070270123716,
    "message": "CONVERGENCE: REL_REDUCTION_OF_F_<=_FACTR*EPSMCH",
    "status": 0,
    "nit": 56
}