{
    "lambda": 0.00013333333333333334,
    "init": "[[-0.84 -0.25  0.    0.  ]\n [-0.84 -1.8   0.    0.  ]\n [ 0.12  0.66 -2.2   0.  ]\n [ 0.    0.    0.    0.  ]]",
    "maxit": 5000,
    "reltol": 1e-07,
    "score": 1.6625174056283922,
    "message": "CONVERGENCE: REL_REDUCTION_OF_F_<=_FACTR*EPSMCH",
    "status": 0,
    "nit": 57
}