{
    "lambda": 0.00038684719535783365,
    "init": "[[-3.37 -0.24 -0.57 -0.09  0.  ]\n [-0.21 -3.   -0.38  0.    0.  ]\n [-0.07 -0.27 -1.09  0.43  0.  ]\n [-0.16  0.    0.   -3.39  0.  ]\n [ 0.    0.    0.    0.    0.  ]]",
    "maxit": 5000,
    "reltol": 1e-07,
    "score": 1.2579226313225214,
    "message": "CONVERGENCE: REL_REDUCTION_OF_F_<=_FACTR*EPSMCH",
    "status": 0,
    "nit": 77
}