{
    "lambda": 2.3914291180409413e-05,
    "init": "[[  3.13  -4.03 -10.47   0.  ]\n [ -4.11   2.    -9.66   0.  ]\n [ -2.15  -1.26   0.89   0.  ]\n [  0.     0.     0.     0.  ]]",
    "maxit": 5000,
    "reltol": 1e-07,
    "score": 1.6869799932417395,
    "message": "CONVERGENCE: REL_REDUCTION_OF_F_<=_FACTR*EPSMCH",
    "status": 0,
    "nit": 250
}