{
    "lambda": 0.00013333333333333334,
    "init": "[[-0.91 -0.46  0.01  0.  ]\n [-0.04 -1.71  0.    0.  ]\n [ 0.27  0.78 -2.2   0.  ]\n [ 0.    0.    0.    0.  ]]",
    "maxit": 5000,
    "reltol": 1e-07,
    "score": 1.6450357451876159,
    "message": "CONVERGENCE: REL_REDUCTION_OF_F_<=_FACTR*EPSMCH",
    "status": 0,
    "nit": 93
}