{
    "lambda": 0.0001000001000000001,
    "init": "[[-1.53 -0.85  0.01  0.  ]\n [-0.67 -3.11  0.    0.  ]\n [ 0.26  0.76 -2.94  0.  ]\n [ 0.    0.    0.    0.  ]]",
    "maxit": 5000,
    "reltol": 1e-07,
    "score": 1.0444615586593249,
    "message": "CONVERGENCE: REL_REDUCTION_OF_F_<=_FACTR*EPSMCH",
    "status": 0,
    "nit": 59
}