{
    "lambda": 0.005994875862915645,
    "init": "[[-0.53 -0.28  0.    0.  ]\n [-0.25 -1.64  0.    0.  ]\n [ 0.    0.   -3.73  0.  ]\n [ 0.    0.    0.    0.  ]]",
    "maxit": 5000,
    "reltol": 1e-07,
    "score": 1.6280735553033572,
    "message": "CONVERGENCE: REL_REDUCTION_OF_F_<=_FACTR*EPSMCH",
    "status": 0,
    "nit": 38
}