{
    "lambda": 0.0035938536252383157,
    "init": "[[-0.81 -0.43  0.    0.  ]\n [-0.25 -1.96  0.    0.  ]\n [ 0.    0.39 -2.03  0.  ]\n [ 0.    0.    0.    0.  ]]",
    "maxit": 5000,
    "reltol": 1e-07,
    "score": 1.693358703668707,
    "message": "CONVERGENCE: REL_REDUCTION_OF_F_<=_FACTR*EPSMCH",
    "status": 0,
    "nit": 48
}