{
    "lambda": 1.6682580805177804e-06,
    "init": "[[-0.8  -1.08  0.36  0.  ]\n [-0.22 -1.99  0.19  0.  ]\n [-0.21  0.68 -2.02  0.  ]\n [ 0.    0.    0.    0.  ]]",
    "maxit": 5000,
    "reltol": 1e-07,
    "score": 1.6869113543154215,
    "message": "CONVERGENCE: REL_REDUCTION_OF_F_<=_FACTR*EPSMCH",
    "status": 0,
    "nit": 42
}