{
    "lambda": 0.00038684719535783365,
    "init": "[[-0.29  1.07 -0.3  -0.04  0.  ]\n [ 0.   -3.18  0.01 -0.    0.  ]\n [-0.14  0.   -1.16 -0.    0.  ]\n [-0.85 -0.   -0.22 -3.18  0.  ]\n [ 0.    0.    0.    0.    0.  ]]",
    "maxit": 5000,
    "reltol": 1e-07,
    "score": 1.9038708680277818,
    "message": "CONVERGENCE: REL_REDUCTION_OF_F_<=_FACTR*EPSMCH",
    "status": 0,
    "nit": 82
}