{
    "lambda": 0.00013333333333333334,
    "init": "[[-0.84 -0.36  0.    0.  ]\n [-0.49 -1.97  0.    0.  ]\n [ 0.15  0.65 -2.2   0.  ]\n [ 0.    0.    0.    0.  ]]",
    "maxit": 5000,
    "reltol": 1e-07,
    "score": 1.6530128361550918,
    "message": "CONVERGENCE: REL_REDUCTION_OF_F_<=_FACTR*EPSMCH",
    "status": 0,
    "nit": 55
}