{
    "lambda": 0.0010000001000000003,
    "init": null,
    "maxit": 5000,
    "reltol": 1e-07,
    "score": 2.1353282688710804,
    "message": "CONVERGENCE: REL_REDUCTION_OF_F_<=_FACTR*EPSMCH",
    "status": 0,
    "nit": 67
}