{
    "lambda": 0.0001000001000000001,
    "init": "[[-1.76 -0.44  0.    0.  ]\n [-0.36 -2.94  0.    0.  ]\n [ 0.66  0.42 -3.14  0.  ]\n [ 0.    0.    0.    0.  ]]",
    "maxit": 5000,
    "reltol": 1e-07,
    "score": 1.0119909370567897,
    "message": "CONVERGENCE: REL_REDUCTION_OF_F_<=_FACTR*EPSMCH",
    "status": 0,
    "nit": 56
}