{
    "lambda": 0.0005892751915144372,
    "init": null,
    "maxit": 5000,
    "reltol": 1e-07,
    "score": 1.273721498025265,
    "message": "CONVERGENCE: REL_REDUCTION_OF_F_<=_FACTR*EPSMCH",
    "status": 0,
    "nit": 35
}