{
    "lambda": 0.0001000001000000001,
    "init": "[[-1.78 -0.51  0.    0.  ]\n [-0.44 -3.    0.    0.  ]\n [ 0.16  0.4  -3.13  0.  ]\n [ 0.    0.    0.    0.  ]]",
    "maxit": 5000,
    "reltol": 1e-07,
    "score": 1.0000678141176247,
    "message": "CONVERGENCE: REL_REDUCTION_OF_F_<=_FACTR*EPSMCH",
    "status": 0,
    "nit": 68
}