{
    "lambda": 0.0035938536252383157,
    "init": "[[-0.83 -0.43  0.    0.  ]\n [-0.26 -1.98  0.    0.  ]\n [ 0.    0.53 -2.01  0.  ]\n [ 0.    0.    0.    0.  ]]",
    "maxit": 5000,
    "reltol": 1e-07,
    "score": 1.689167813160802,
    "message": "CONVERGENCE: REL_REDUCTION_OF_F_<=_FACTR*EPSMCH",
    "status": 0,
    "nit": 49
}