{
    "lambda": 0.005994875862915645,
    "init": "[[-0.68 -0.23  0.    0.  ]\n [-0.17 -1.68  0.    0.  ]\n [ 0.    0.   -3.19  0.  ]\n [ 0.    0.    0.    0.  ]]",
    "maxit": 5000,
    "reltol": 1e-07,
    "score": 1.6350530435737858,
    "message": "CONVERGENCE: REL_REDUCTION_OF_F_<=_FACTR*EPSMCH",
    "status": 0,
    "nit": 46
}