{
    "lambda": 0.0001000001000000001,
    "init": "[[ 0.29 -0.32 -0.2   0.  ]\n [-0.17 -0.05 -0.01  0.  ]\n [-0.05 -0.01 -0.06  0.  ]\n [ 0.    0.    0.    0.  ]]",
    "maxit": 5000,
    "reltol": 1e-07,
    "score": 2.537195727388154,
    "message": "CONVERGENCE: REL_REDUCTION_OF_F_<=_FACTR*EPSMCH",
    "status": 0,
    "nit": 60
}