{
    "lambda": 0.0001000001000000001,
    "init": "[[-1.79 -0.52  0.    0.  ]\n [-0.51 -2.99  0.    0.  ]\n [ 0.19  0.64 -3.13  0.  ]\n [ 0.    0.    0.    0.  ]]",
    "maxit": 5000,
    "reltol": 1e-07,
    "score": 1.0036949171794718,
    "message": "CONVERGENCE: REL_REDUCTION_OF_F_<=_FACTR*EPSMCH",
    "status": 0,
    "nit": 52
}