{
    "lambda": 0.0021544706137345978,
    "init": "[[-0.83 -0.44  0.    0.  ]\n [-0.26 -1.94  0.    0.  ]\n [ 0.    0.33 -2.07  0.  ]\n [ 0.    0.    0.    0.  ]]",
    "maxit": 5000,
    "reltol": 1e-07,
    "score": 1.6870406318830236,
    "message": "CONVERGENCE: REL_REDUCTION_OF_F_<=_FACTR*EPSMCH",
    "status": 0,
    "nit": 51
}