{
    "lambda": 0.0001000001000000001,
    "init": "[[-1.6  -0.63  0.    0.  ]\n [-0.52 -3.1   0.    0.  ]\n [ 0.57  0.77 -2.99  0.  ]\n [ 0.    0.    0.    0.  ]]",
    "maxit": 5000,
    "reltol": 1e-07,
    "score": 1.0304100570115877,
    "message": "CONVERGENCE: REL_REDUCTION_OF_F_<=_FACTR*EPSMCH",
    "status": 0,
    "nit": 50
}