{
    "lambda": 0.0035938536252383157,
    "init": "[[-0.84 -0.41  0.    0.  ]\n [-0.17 -1.96  0.    0.  ]\n [ 0.    0.01 -2.02  0.  ]\n [ 0.    0.    0.    0.  ]]",
    "maxit": 5000,
    "reltol": 1e-07,
    "score": 1.6902746810091445,
    "message": "CONVERGENCE: REL_REDUCTION_OF_F_<=_FACTR*EPSMCH",
    "status": 0,
    "nit": 40
}