{
    "lambda": 0.0001000001000000001,
    "init": "[[-1.79 -0.57  0.01  0.  ]\n [-0.39 -3.01  0.    0.  ]\n [ 0.28  0.75 -3.17  0.  ]\n [ 0.    0.    0.    0.  ]]",
    "maxit": 5000,
    "reltol": 1e-07,
    "score": 0.9984912653607649,
    "message": "CONVERGENCE: REL_REDUCTION_OF_F_<=_FACTR*EPSMCH",
    "status": 0,
    "nit": 51
}