{
    "lambda": 0.0035938536252383157,
    "init": "[[-0.83 -0.41  0.    0.  ]\n [-0.22 -1.96  0.    0.  ]\n [ 0.    0.37 -2.04  0.  ]\n [ 0.    0.    0.    0.  ]]",
    "maxit": 5000,
    "reltol": 1e-07,
    "score": 1.692561945391359,
    "message": "CONVERGENCE: REL_REDUCTION_OF_F_<=_FACTR*EPSMCH",
    "status": 0,
    "nit": 43
}