{
    "lambda": 0.0001000001000000001,
    "init": "[[ 0.2   0.   -0.05  0.  ]\n [ 0.08 -0.06  0.11  0.  ]\n [-0.02  0.    0.03  0.  ]\n [ 0.    0.    0.    0.  ]]",
    "maxit": 5000,
    "reltol": 1e-07,
    "score": 2.4704374534964058,
    "message": "CONVERGENCE: REL_REDUCTION_OF_F_<=_FACTR*EPSMCH",
    "status": 0,
    "nit": 56
}