{
    "lambda": 0.00013333333333333334,
    "init": "[[-0.76 -0.14  0.    0.  ]\n [-0.19 -1.9   0.    0.  ]\n [ 0.25  0.23 -2.13  0.  ]\n [ 0.    0.    0.    0.  ]]",
    "maxit": 5000,
    "reltol": 1e-07,
    "score": 1.6794723047441076,
    "message": "CONVERGENCE: REL_REDUCTION_OF_F_<=_FACTR*EPSMCH",
    "status": 0,
    "nit": 48
}