{
    "lambda": 0.005994875862915645,
    "init": "[[-0.81 -0.18  0.    0.  ]\n [-0.1  -1.71  0.    0.  ]\n [ 0.    0.   -3.22  0.  ]\n [ 0.    0.    0.    0.  ]]",
    "maxit": 5000,
    "reltol": 1e-07,
    "score": 1.560634002335893,
    "message": "CONVERGENCE: REL_REDUCTION_OF_F_<=_FACTR*EPSMCH",
    "status": 0,
    "nit": 43
}