{
    "lambda": 3.594033295457322e-05,
    "init": "[[-0.82 -0.86  0.09  0.  ]\n [-0.2  -1.95  0.    0.  ]\n [ 0.    0.54 -2.09  0.  ]\n [ 0.    0.    0.    0.  ]]",
    "maxit": 5000,
    "reltol": 1e-07,
    "score": 1.6854991446264986,
    "message": "CONVERGENCE: REL_REDUCTION_OF_F_<=_FACTR*EPSMCH",
    "status": 0,
    "nit": 46
}